Emp ID,PHOTO,FULL NAME,Image url,Attachments,Created,Blood Group,Emergency Contact
"634",,"gdgfdhs",,"1","01/22/2022 06:08 AM","B+ve","57388"
"456","Myself4.jpg","SWAP","<div>â€‹https://cdn.quotesgram.com/img/24/43/568369378-winds-of-march-500x655.jpg</div>","1","01/22/2022 05:46 AM","B+ve","9004698053"
"426",,"swap a j","<div>appres://blobmanager/dbc89d6349d3446c8c6fb7f8bd673fb8/1</div>","1","12/27/2021 11:44 PM","B+ve","95963643"
"426",,"swap a j","<div>appres://blobmanager/dbc89d6349d3446c8c6fb7f8bd673fb8/1</div>","1","12/27/2021 11:22 PM","B+ve","95963643"
"426",,"swap a j","<div>appres://blobmanager/dbc89d6349d3446c8c6fb7f8bd673fb8/1</div>","1","12/27/2021 11:17 PM","B+ve","95963643"
"426",,"swap a j","<div>appres://blobmanager/dbc89d6349d3446c8c6fb7f8bd673fb8/1</div>","1","12/27/2021 11:14 PM","B+ve","95963643"
"426",,"swap a j","<div>appres://blobmanager/dbc89d6349d3446c8c6fb7f8bd673fb8/1</div>","1","12/27/2021 11:11 PM","B+ve","95963643"
"426",,"swap a j","<div>appres://blobmanager/dbc89d6349d3446c8c6fb7f8bd673fb8/1</div>","1","12/27/2021 11:07 PM","B+ve","95963643"
"426",,"swap a j","<div>appres://blobmanager/dbc89d6349d3446c8c6fb7f8bd673fb8/1</div>","1","12/27/2021 10:58 PM","B+ve","95963643"
"426",,"swap a j","<div>appres://blobmanager/dbc89d6349d3446c8c6fb7f8bd673fb8/1</div>","1","12/27/2021 10:54 PM","B+ve","95963643"
"426",,"swap a j","<div>appres://blobmanager/dbc89d6349d3446c8c6fb7f8bd673fb8/1</div>","1","12/27/2021 10:46 PM","B+ve","95963643"
"426",,"swap a j","<div>appres://blobmanager/dbc89d6349d3446c8c6fb7f8bd673fb8/1</div>","1","12/27/2021 10:43 PM","B+ve","95963643"
"426",,"swap a j","<div>appres://blobmanager/dbc89d6349d3446c8c6fb7f8bd673fb8/1</div>","1","12/27/2021 10:40 PM","B+ve","95963643"
"426",,"swap a j","<div>appres://blobmanager/dbc89d6349d3446c8c6fb7f8bd673fb8/1</div>","1","12/27/2021 10:35 PM","B+ve","95963643"
"426",,"swap a j","<div>appres://blobmanager/dbc89d6349d3446c8c6fb7f8bd673fb8/1</div>","1","12/27/2021 10:31 PM","B+ve","95963643"
"426",,"swap a j","<div>appres://blobmanager/dbc89d6349d3446c8c6fb7f8bd673fb8/1</div>","1","12/27/2021 10:27 PM","B+ve","95963643"
"426",,"swap a j","<div>appres://blobmanager/dbc89d6349d3446c8c6fb7f8bd673fb8/1</div>","1","12/27/2021 10:24 PM","B+ve","95963643"
"426",,"swap a j","<div>appres://blobmanager/dbc89d6349d3446c8c6fb7f8bd673fb8/1</div>","1","12/27/2021 10:13 PM","B+ve","95963643"
"426",,"swap a j","<div>appres://blobmanager/dbc89d6349d3446c8c6fb7f8bd673fb8/1</div>","1","12/27/2021 10:09 PM","B+ve","95963643"
"426",,"swap a j","<div>appres://blobmanager/dbc89d6349d3446c8c6fb7f8bd673fb8/1</div>","1","12/27/2021 10:06 PM","B+ve","95963643"
"426",,"swap a j","<div>appres://blobmanager/dbc89d6349d3446c8c6fb7f8bd673fb8/1</div>","1","12/27/2021 10:03 PM","B+ve","95963643"
"426",,"swap a j","<div>appres://blobmanager/dbc89d6349d3446c8c6fb7f8bd673fb8/1</div>","1","12/27/2021 10:00 PM","B+ve","95963643"
"426",,"swap a j","<div>appres://blobmanager/dbc89d6349d3446c8c6fb7f8bd673fb8/1</div>","1","12/27/2021 09:57 PM","B+ve","95963643"
"426",,"swap a j","<div>appres://blobmanager/dbc89d6349d3446c8c6fb7f8bd673fb8/1</div>","1","12/27/2021 09:50 PM","B+ve","95963643"
"426",,"swap a j","<div>appres://blobmanager/dbc89d6349d3446c8c6fb7f8bd673fb8/1</div>","1","12/27/2021 09:45 PM","B+ve","95963643"
"426",,"swap a j","<div>appres://blobmanager/dbc89d6349d3446c8c6fb7f8bd673fb8/1</div>","1","12/27/2021 09:42 PM","B+ve","95963643"
"426",,"swap a j","<div>appres://blobmanager/dbc89d6349d3446c8c6fb7f8bd673fb8/1</div>","1","12/27/2021 09:39 PM","B+ve","95963643"
"426",,"swap a j","<div>appres://blobmanager/dbc89d6349d3446c8c6fb7f8bd673fb8/1</div>","1","12/27/2021 09:33 PM","B+ve","95963643"
"426",,"swap a j","<div>appres://blobmanager/dbc89d6349d3446c8c6fb7f8bd673fb8/1</div>","1","12/27/2021 09:30 PM","B+ve","95963643"
"426",,"swap a j","<div>appres://blobmanager/dbc89d6349d3446c8c6fb7f8bd673fb8/1</div>","1","12/27/2021 09:26 PM","B+ve","95963643"
"426",,"swap a j","<div>appres://blobmanager/dbc89d6349d3446c8c6fb7f8bd673fb8/1</div>","1","12/27/2021 09:16 PM","B+ve","95963643"
"78798709",,"jcvjkl;'ljkhjghf","<div>appres://resources/SampleImage</div>","1","12/27/2021 03:48 AM","B+ve","7980456789"
"78798709",,"jcvjkl;'ljkhjghf","<div>appres://resources/SampleImage</div>","1","12/27/2021 03:46 AM","B+ve","7980456789"
"78798709",,"jcvjkl;'ljkhjghf","<div>appres://resources/SampleImage</div>","1","12/27/2021 03:42 AM","B+ve","7980456789"
"78798709",,"jcvjkl;'ljkhjghf","<div>appres://resources/SampleImage</div>","1","12/27/2021 03:40 AM","B+ve","7980456789"
"78798709",,"jcvjkl;'ljkhjghf","<div>appres://resources/SampleImage</div>","1","12/27/2021 03:35 AM","B+ve","7980456789"
"78798709",,"jcvjkl;'ljkhjghf","<div>appres://resources/SampleImage</div>","1","12/27/2021 03:32 AM","B+ve","7980456789"
"78798709",,"jcvjkl;'ljkhjghf","<div>appres://resources/SampleImage</div>","1","12/27/2021 03:27 AM","B+ve","7980456789"
"78798709",,"jcvjkl;'ljkhjghf","<div>appres://resources/SampleImage</div>","1","12/27/2021 03:17 AM","B+ve","7980456789"
"78798709",,"jcvjkl;'ljkhjghf","<div>appres://resources/SampleImage</div>","1","12/27/2021 03:08 AM","B+ve","7980456789"
"897509809",,"uljhl","<div>appres://resources/SampleImage</div>","1","12/27/2021 02:54 AM","B+ve","98756453412"
"754756",,"zsgfdhjkhgjhf","<div>appres://resources/SampleImage</div>","1","12/27/2021 02:50 AM","B+ve","36478908"
"573757",,"SWAPNITA","<div>appres://resources/SampleImage</div>","1","12/27/2021 02:44 AM","B+ve","93205789642"
"573757",,"SWAPNITA","<div>appres://resources/SampleImage</div>","1","12/27/2021 02:38 AM","B+ve","93205789642"
"56478",,"fhttj","<div>appres://blobmanager/a863dfae0751495087c73f1ba68cea47/9</div>","1","12/27/2021 02:23 AM","B+ve","98076892141"
"564",,"ytrhh","<div>appres://blobmanager/a863dfae0751495087c73f1ba68cea47/8</div>","1","12/27/2021 02:12 AM","B+ve",
"564",,"ytrhh","<div>appres://blobmanager/a863dfae0751495087c73f1ba68cea47/8</div>","1","12/27/2021 12:56 AM","B+ve",
"67456",,"gddfghhs","<div>appres://blobmanager/a863dfae0751495087c73f1ba68cea47/7</div>","1","12/27/2021 12:51 AM","B+ve",
"67456",,"gddfghhs","<div>appres://blobmanager/a863dfae0751495087c73f1ba68cea47/7</div>","1","12/27/2021 12:48 AM","B+ve",
"67456",,"gddfghhs","<div>appres://blobmanager/a863dfae0751495087c73f1ba68cea47/7</div>","1","12/27/2021 12:46 AM","B+ve",
"67456",,"gddfghhs","<div>appres://blobmanager/a863dfae0751495087c73f1ba68cea47/6</div>","1","12/27/2021 12:42 AM","B+ve",
"67456",,"gddfghhs","<div>appres://blobmanager/a863dfae0751495087c73f1ba68cea47/6</div>","1","12/27/2021 12:29 AM","B+ve",
"433",,"gddfghhs","<div>appres://blobmanager/a863dfae0751495087c73f1ba68cea47/3</div>","1","12/26/2021 11:58 PM","B+ve",
"433",,"gddfghhs","<div>appres://blobmanager/a863dfae0751495087c73f1ba68cea47/3</div>","1","12/26/2021 11:56 PM","B+ve",
"433",,"gddfghhs","<div>appres://blobmanager/a863dfae0751495087c73f1ba68cea47/3</div>","1","12/26/2021 11:49 PM","B+ve",
"433",,"gddfghhs","<div>appres://blobmanager/a863dfae0751495087c73f1ba68cea47/3</div>","1","12/26/2021 11:42 PM","B+ve",
"433",,"gddfghhs","<div>appres://blobmanager/a863dfae0751495087c73f1ba68cea47/3</div>","1","12/26/2021 11:34 PM","B+ve",
"433",,"gddfghhs","<div>appres://blobmanager/a863dfae0751495087c73f1ba68cea47/1</div>","1","12/26/2021 11:27 PM","B+ve",
"433",,"gddfghhs","<div>appres://blobmanager/a863dfae0751495087c73f1ba68cea47/1</div>","1","12/26/2021 11:19 PM","B+ve",
"433",,"gddfghhs","<div>appres://blobmanager/a863dfae0751495087c73f1ba68cea47/1</div>","1","12/26/2021 11:14 PM","B+ve",
"433",,"gddfghhs","<div>appres://blobmanager/a863dfae0751495087c73f1ba68cea47/1</div>","1","12/26/2021 11:06 PM","B+ve",
"433",,"gddfghhs","<div>appres://blobmanager/a863dfae0751495087c73f1ba68cea47/1</div>","1","12/26/2021 11:00 PM","B+ve",
"433",,"gddfghhs","<div>appres://blobmanager/a863dfae0751495087c73f1ba68cea47/1</div>","1","12/26/2021 10:52 PM","B+ve",
"433",,"gddfghhs","<div>appres://blobmanager/a863dfae0751495087c73f1ba68cea47/1</div>","1","12/26/2021 10:45 PM","B+ve",
"433",,"gddfghhs","<div>appres://blobmanager/a863dfae0751495087c73f1ba68cea47/1</div>","1","12/26/2021 10:41 PM","B+ve",
"433",,"gddfghhs","<div>appres://blobmanager/a863dfae0751495087c73f1ba68cea47/1</div>","1","12/26/2021 10:39 PM","B+ve",
"433",,"gddfghhs","<div>appres://blobmanager/a863dfae0751495087c73f1ba68cea47/1</div>","1","12/26/2021 10:36 PM","B+ve",
"433",,"gddfghhs","<div>appres://blobmanager/a863dfae0751495087c73f1ba68cea47/1</div>","1","12/26/2021 10:13 PM","B+ve",
"433",,"gddfghhs","<div>appres://blobmanager/a863dfae0751495087c73f1ba68cea47/1</div>","1","12/26/2021 10:02 PM","B+ve",
"433",,"gddfghhs","<div>appres://blobmanager/a863dfae0751495087c73f1ba68cea47/1</div>","1","12/26/2021 09:52 PM","B+ve",
"4353",,"SWAP","<div>appres://blobmanager/b3d3ead9051b4d46b0a90d9ed2affc0c/2</div>","1","12/26/2021 09:36 PM","B+ve",
"4353",,"SWAP","<div>appres://blobmanager/b3d3ead9051b4d46b0a90d9ed2affc0c/2</div>","1","12/26/2021 09:34 PM","B+ve",
"4353",,"SWAP","<div>appres://blobmanager/b3d3ead9051b4d46b0a90d9ed2affc0c/2</div>","1","12/26/2021 09:21 PM","B+ve",
"4353",,"SWAP","<div>appres://blobmanager/b3d3ead9051b4d46b0a90d9ed2affc0c/2</div>","1","12/26/2021 09:10 PM","B+ve",
"5345",,"Swap A J","<div>appres://blobmanager/dec358c2030c4bde852012b5f6ec51f9/11</div>","1","12/25/2021 10:15 AM","B+ve",
"5345",,"Swap A J","<div>appres://blobmanager/dec358c2030c4bde852012b5f6ec51f9/11</div>","1","12/25/2021 10:09 AM","B+ve",
"5345",,"Swap A J","<div>appres://blobmanager/dec358c2030c4bde852012b5f6ec51f9/11</div>","1","12/25/2021 06:21 AM","B+ve",
"5345",,"Swap A J","<div>appres://blobmanager/dec358c2030c4bde852012b5f6ec51f9/11</div>","1","12/25/2021 06:18 AM","B+ve",
"5345",,"Swap A J","<div>appres://blobmanager/dec358c2030c4bde852012b5f6ec51f9/11</div>","1","12/25/2021 06:13 AM","B+ve",
"5345",,"Swap A J","<div>appres://blobmanager/dec358c2030c4bde852012b5f6ec51f9/11</div>","1","12/25/2021 06:02 AM","B+ve",
"5345",,"Swap A J","<div>appres://blobmanager/dec358c2030c4bde852012b5f6ec51f9/11</div>","1","12/25/2021 05:24 AM","B+ve",
"5345",,"Swap A J","<div>appres://blobmanager/dec358c2030c4bde852012b5f6ec51f9/11</div>","1","12/25/2021 05:20 AM","B+ve",
"5345",,"Swap A J","<div>appres://blobmanager/dec358c2030c4bde852012b5f6ec51f9/11</div>","1","12/25/2021 05:15 AM","B+ve",
"5345",,"Swap A J","<div>appres://blobmanager/dec358c2030c4bde852012b5f6ec51f9/11</div>","1","12/25/2021 04:45 AM","A-ve",
"5345",,"Swap A J","<div>appres://blobmanager/dec358c2030c4bde852012b5f6ec51f9/8</div>","1","12/25/2021 02:55 AM","A-ve",
"5345",,"Swap A J","<div>appres://blobmanager/dec358c2030c4bde852012b5f6ec51f9/8</div>","1","12/25/2021 01:51 AM","A-ve",
"354",,"Swap A J","<div>appres://blobmanager/dec358c2030c4bde852012b5f6ec51f9/6</div>","1","12/25/2021 01:49 AM","AB+ve",
"533",,"Swap","<div>appres://blobmanager/dec358c2030c4bde852012b5f6ec51f9/3</div>","1","12/25/2021 01:15 AM","AB-ve",
"432",,"Swap","<div>appres://blobmanager/dec358c2030c4bde852012b5f6ec51f9/1</div>","1","12/25/2021 01:09 AM","AB-ve","NA"
"524",,"Swap","<div>appres://blobmanager/3d9876bb8898430a9f0f57d25924c73c/2</div>","1","12/24/2021 09:47 AM","AB-ve","NA"
